{"mean":{"confidence_interval":{"confidence_level":0.95,"lower_bound":179298256.6005625,"upper_bound":179952699.48206252},"point_estimate":179621313.0225,"standard_error":166999.56027510294},"median":{"confidence_interval":{"confidence_level":0.95,"lower_bound":179052517.25,"upper_bound":179754027.625},"point_estimate":179379544.75,"standard_error":193914.44894551302},"median_abs_dev":{"confidence_interval":{"confidence_level":0.95,"lower_bound":1148719.9746380192,"upper_bound":2168209.0577065945},"point_estimate":1659976.1959545314,"standard_error":266862.6085033529},"slope":null,"std_dev":{"confidence_interval":{"confidence_level":0.95,"lower_bound":1438726.5494108396,"upper_bound":1883936.3944772996},"point_estimate":1674684.7201118956,"standard_error":113876.48966727174}}