{"mean":{"confidence_interval":{"confidence_level":0.95,"lower_bound":3177990990.85225,"upper_bound":3194356534.01625},"point_estimate":3185407692.51,"standard_error":4202592.047338225},"median":{"confidence_interval":{"confidence_level":0.95,"lower_bound":3169660855.5,"upper_bound":3183534518.0},"point_estimate":3176327279.0,"standard_error":4083211.4301842186},"median_abs_dev":{"confidence_interval":{"confidence_level":0.95,"lower_bound":17259297.669786215,"upper_bound":28646208.099228144},"point_estimate":21439142.84977913,"standard_error":2809014.2109826687},"slope":null,"std_dev":{"confidence_interval":{"confidence_level":0.95,"lower_bound":24789769.550213054,"upper_bound":61010788.4394526},"point_estimate":42291342.22382589,"standard_error":10514087.922111634}}