{"mean":{"confidence_interval":{"confidence_level":0.95,"lower_bound":1451632422.4925,"upper_bound":1457562132.2257502},"point_estimate":1454219051.22,"standard_error":1523074.7918728387},"median":{"confidence_interval":{"confidence_level":0.95,"lower_bound":1449475542.0,"upper_bound":1455323801.0},"point_estimate":1452170016.5,"standard_error":1462359.2131193308},"median_abs_dev":{"confidence_interval":{"confidence_level":0.95,"lower_bound":8143141.066530347,"upper_bound":12420598.404890299},"point_estimate":10570985.996827483,"standard_error":1087281.583238286},"slope":null,"std_dev":{"confidence_interval":{"confidence_level":0.95,"lower_bound":8202697.5345152235,"upper_bound":23144685.592770766},"point_estimate":15277679.229721662,"standard_error":4765552.331705014}}