{"mean":{"confidence_interval":{"confidence_level":0.95,"lower_bound":30719832.272012495,"upper_bound":30812800.253499996},"point_estimate":30765019.298,"standard_error":23629.771982616272},"median":{"confidence_interval":{"confidence_level":0.95,"lower_bound":30630833.625,"upper_bound":30797068.775},"point_estimate":30668674.475,"standard_error":39426.17518089251},"median_abs_dev":{"confidence_interval":{"confidence_level":0.95,"lower_bound":125839.67578589806,"upper_bound":259539.46652725284},"point_estimate":202860.2255085105,"standard_error":33022.84842201941},"slope":null,"std_dev":{"confidence_interval":{"confidence_level":0.95,"lower_bound":198004.09177245884,"upper_bound":271102.88050180976},"point_estimate":237681.07009181328,"standard_error":18662.71183122787}}