{"mean":{"confidence_interval":{"confidence_level":0.95,"lower_bound":2200256711.492,"upper_bound":2284108942.5115},"point_estimate":2238432476.11,"standard_error":21544514.62305018},"median":{"confidence_interval":{"confidence_level":0.95,"lower_bound":2164277183.0,"upper_bound":2177317194.0},"point_estimate":2170774843.5,"standard_error":2908746.6388495737},"median_abs_dev":{"confidence_interval":{"confidence_level":0.95,"lower_bound":18892541.661590338,"upper_bound":35617303.441101424},"point_estimate":25004595.63547969,"standard_error":4297274.69727943},"slope":null,"std_dev":{"confidence_interval":{"confidence_level":0.95,"lower_bound":116748147.6800422,"upper_bound":292246957.8900864},"point_estimate":216173366.50345242,"standard_error":44599522.227320455}}