{"mean":{"confidence_interval":{"confidence_level":0.95,"lower_bound":305315024.120375,"upper_bound":307670719.05637497},"point_estimate":306489763.055,"standard_error":599386.3597406344},"median":{"confidence_interval":{"confidence_level":0.95,"lower_bound":304202288.0,"upper_bound":308252446.0},"point_estimate":306480688.75,"standard_error":1103751.7644364338},"median_abs_dev":{"confidence_interval":{"confidence_level":0.95,"lower_bound":5666677.235296369,"upper_bound":8651639.128352702},"point_estimate":7535631.642615795,"standard_error":773110.9850976621},"slope":null,"std_dev":{"confidence_interval":{"confidence_level":0.95,"lower_bound":5331941.192211819,"upper_bound":6639907.356929268},"point_estimate":6026241.432279909,"standard_error":334747.9091496064}}