{"mean":{"confidence_interval":{"confidence_level":0.95,"lower_bound":150717548.77862498,"upper_bound":152430150.1534375},"point_estimate":151453738.95,"standard_error":441750.4681508384},"median":{"confidence_interval":{"confidence_level":0.95,"lower_bound":150008769.25,"upper_bound":150550728.75},"point_estimate":150305658.125,"standard_error":142918.28381980915},"median_abs_dev":{"confidence_interval":{"confidence_level":0.95,"lower_bound":793279.0152914822,"upper_bound":1566691.1909356713},"point_estimate":1184271.94827497,"standard_error":196401.8450181606},"slope":null,"std_dev":{"confidence_interval":{"confidence_level":0.95,"lower_bound":1903363.4659602041,"upper_bound":6883496.604334484},"point_estimate":4460013.04728909,"standard_error":1461198.3128615278}}