{"mean":{"confidence_interval":{"confidence_level":0.95,"lower_bound":2877010156.5662503,"upper_bound":2884838730.529},"point_estimate":2880817805.26,"standard_error":1992477.0370953742},"median":{"confidence_interval":{"confidence_level":0.95,"lower_bound":2873051510.0,"upper_bound":2878712818.5},"point_estimate":2876574337.5,"standard_error":1475223.9801742672},"median_abs_dev":{"confidence_interval":{"confidence_level":0.95,"lower_bound":11466947.84772098,"upper_bound":22815293.331427563},"point_estimate":15688459.276074171,"standard_error":2981887.900806472},"slope":null,"std_dev":{"confidence_interval":{"confidence_level":0.95,"lower_bound":16442967.259223593,"upper_bound":23235257.153780725},"point_estimate":19989718.05858031,"standard_error":1735543.7219194744}}