{"mean":{"confidence_interval":{"confidence_level":0.95,"lower_bound":1767435310.4694998,"upper_bound":1785591366.6467502},"point_estimate":1775700193.38,"standard_error":4649342.493080885},"median":{"confidence_interval":{"confidence_level":0.95,"lower_bound":1759271277.0,"upper_bound":1769480629.0},"point_estimate":1762561689.5,"standard_error":2719578.2082735025},"median_abs_dev":{"confidence_interval":{"confidence_level":0.95,"lower_bound":14803819.29987967,"upper_bound":23992203.726053238},"point_estimate":18405512.75933683,"standard_error":2171329.8970328984},"slope":null,"std_dev":{"confidence_interval":{"confidence_level":0.95,"lower_bound":24200439.052208636,"upper_bound":64546731.01399774},"point_estimate":46655894.148375824,"standard_error":10176088.769020345}}