{"mean":{"confidence_interval":{"confidence_level":0.95,"lower_bound":2141705819.816,"upper_bound":2152638212.799},"point_estimate":2147130683.3,"standard_error":2783619.6109904107},"median":{"confidence_interval":{"confidence_level":0.95,"lower_bound":2139446462.0,"upper_bound":2152840319.0},"point_estimate":2145094856.0,"standard_error":3109840.4598631337},"median_abs_dev":{"confidence_interval":{"confidence_level":0.95,"lower_bound":24230461.98962331,"upper_bound":35611796.36056423},"point_estimate":30733422.720372677,"standard_error":2773016.66806087},"slope":null,"std_dev":{"confidence_interval":{"confidence_level":0.95,"lower_bound":24172916.98797672,"upper_bound":31390175.716766275},"point_estimate":27906943.69187348,"standard_error":1837732.5672642374}}