{"mean":{"confidence_interval":{"confidence_level":0.95,"lower_bound":4270813827.6625004,"upper_bound":4339014911.00925},"point_estimate":4302501487.63,"standard_error":17449523.824690785},"median":{"confidence_interval":{"confidence_level":0.95,"lower_bound":4239332945.0,"upper_bound":4260666017.5},"point_estimate":4246143937.0,"standard_error":5480048.092560714},"median_abs_dev":{"confidence_interval":{"confidence_level":0.95,"lower_bound":24144662.446546555,"upper_bound":45000385.89808345},"point_estimate":32219752.174285054,"standard_error":5196520.3871711735},"slope":null,"std_dev":{"confidence_interval":{"confidence_level":0.95,"lower_bound":110907477.51863952,"upper_bound":225828704.98734573},"point_estimate":175338098.5991945,"standard_error":29331539.247198917}}