{"mean":{"confidence_interval":{"confidence_level":0.95,"lower_bound":2224040.9163014423,"upper_bound":2290260.4038231038},"point_estimate":2253217.7064920412,"standard_error":16978.49396109951},"median":{"confidence_interval":{"confidence_level":0.95,"lower_bound":2205317.4292360563,"upper_bound":2212495.7936550016},"point_estimate":2208177.463771645,"standard_error":1660.8564826319227},"median_abs_dev":{"confidence_interval":{"confidence_level":0.95,"lower_bound":8967.887299999846,"upper_bound":16990.00647799357},"point_estimate":13100.57236442574,"standard_error":1958.5875938894205},"slope":{"confidence_interval":{"confidence_level":0.95,"lower_bound":2217928.660805098,"upper_bound":2306257.90624027},"point_estimate":2255507.1362519087,"standard_error":22770.92885557898},"std_dev":{"confidence_interval":{"confidence_level":0.95,"lower_bound":72194.09284208388,"upper_bound":246036.4627053771},"point_estimate":170418.71790871918,"standard_error":44190.817761690225}}