{"mean":{"confidence_interval":{"confidence_level":0.95,"lower_bound":1363294377.71825,"upper_bound":1369955658.613},"point_estimate":1366598013.02,"standard_error":1703588.0073638423},"median":{"confidence_interval":{"confidence_level":0.95,"lower_bound":1361904655.0,"upper_bound":1369349117.0},"point_estimate":1366107553.0,"standard_error":1961496.7724045767},"median_abs_dev":{"confidence_interval":{"confidence_level":0.95,"lower_bound":12613930.182757974,"upper_bound":20834706.114310026},"point_estimate":17321348.926484585,"standard_error":2123577.186823537},"slope":null,"std_dev":{"confidence_interval":{"confidence_level":0.95,"lower_bound":14643423.026232652,"upper_bound":19375169.283768352},"point_estimate":17130995.56657229,"standard_error":1208281.4252177207}}