{"mean":{"confidence_interval":{"confidence_level":0.95,"lower_bound":443593956.6965,"upper_bound":445467810.385875},"point_estimate":444499212.94,"standard_error":478083.585491889},"median":{"confidence_interval":{"confidence_level":0.95,"lower_bound":441821108.5,"upper_bound":445366314.5},"point_estimate":443851826.5,"standard_error":877781.0845874469},"median_abs_dev":{"confidence_interval":{"confidence_level":0.95,"lower_bound":3418872.5741028786,"upper_bound":5577123.007786274},"point_estimate":4400605.79867363,"standard_error":539569.6698293523},"slope":null,"std_dev":{"confidence_interval":{"confidence_level":0.95,"lower_bound":3861782.825597194,"upper_bound":5753917.337796961},"point_estimate":4803642.365097464,"standard_error":488174.0476676773}}