{"mean":{"confidence_interval":{"confidence_level":0.95,"lower_bound":880714773.511,"upper_bound":884522729.4845},"point_estimate":882569053.5,"standard_error":973329.3888000638},"median":{"confidence_interval":{"confidence_level":0.95,"lower_bound":879541113.5,"upper_bound":882223582.0},"point_estimate":880979236.0,"standard_error":781603.5092840146},"median_abs_dev":{"confidence_interval":{"confidence_level":0.95,"lower_bound":5475154.97069657,"upper_bound":10885861.320537329},"point_estimate":8381305.926302075,"standard_error":1372168.7264644692},"slope":null,"std_dev":{"confidence_interval":{"confidence_level":0.95,"lower_bound":8052255.532591414,"upper_bound":11269879.977505196},"point_estimate":9772071.99671946,"standard_error":819730.3583426339}}