{"mean":{"confidence_interval":{"confidence_level":0.95,"lower_bound":48860496.924541675,"upper_bound":49210501.111729175},"point_estimate":49024902.77750001,"standard_error":89129.60810836843},"median":{"confidence_interval":{"confidence_level":0.95,"lower_bound":48673454.5,"upper_bound":48841385.83333333},"point_estimate":48720297.45833333,"standard_error":42680.85423899406},"median_abs_dev":{"confidence_interval":{"confidence_level":0.95,"lower_bound":302869.78973111534,"upper_bound":552785.7168173374},"point_estimate":382498.8706342802,"standard_error":60769.58681065711},"slope":null,"std_dev":{"confidence_interval":{"confidence_level":0.95,"lower_bound":612799.0859001512,"upper_bound":1151634.3385152968},"point_estimate":894523.0627136179,"standard_error":138088.21707726124}}